1,Dupont,Jean,+33612345678,jean.dupont@example.com,Site Contact
2,Martin,Sophie,+33687654321,sophie.martin@example.com,Dispatcher
3,Dubois,Pierre,+33645678912,pierre.dubois@example.com,User
4,Lambert,Marie,+33678912345,marie.lambert@example.com,Site Contact
5,Leroy,Thomas,+33623456789,thomas.leroy@example.com,Dispatcher
6,Petit,Claire,+33689012345,claire.petit@example.com,User
7,Durand,Michel,+33678901234,michel.durand@example.com,Site Contact
8,Lefebvre,Julie,+33667890123,julie.lefebvre@example.com,Dispatcher
9,Moreau,Philippe,+33656789012,philippe.moreau@example.com,User
10,Garnier,Isabelle,+33645678901,isabelle.garnier@example.com,Site Contact
11,dethise,maxime,"",maxime.dethise@ccb.be,
12,Meeking,Noémie,774-319-0084,emeeking0@who.int,Surveyor
13,Foxon,Erwéi,,hfoxon1@joomla.org,Surveyor
14,Bare,Céline,523-222-1728,sbare2@cnbc.com,Construction Worker
15,Pyrton,Dafnée,870-350-2481,cpyrton3@mtv.com,Project Manager
16,Cary,Maïlys,132-527-1031,lcary4@pinterest.com,Subcontractor
17,Feather,Léonore,,dfeather5@liveinternet.ru,Construction Foreman
18,Shervil,Yáo,438-592-0057,oshervil6@tamu.edu,Surveyor
19,Henstridge,Ophélie,,shenstridge7@addthis.com,Architect
20,Corkish,Marie-josée,,ncorkish8@usatoday.com,Construction Worker
21,Hoyte,Pål,604-647-0346,jhoyte9@kickstarter.com,Project Manager
22,Grizard,Nuó,,agrizarda@icq.com,Electrician
23,Tomankiewicz,Océanne,,atomankiewiczb@toplist.cz,Electrician
24,Scallon,Miléna,894-926-7413,rscallonc@phoca.cz,Architect
25,Clayworth,Geneviève,413-129-3111,rclayworthd@liveinternet.ru,Subcontractor
26,Brisker,Maéna,894-120-9756,fbriskere@icq.com,Engineer
27,Coast,Gaïa,,kcoastf@weibo.com,Construction Manager
28,Bussel,Cunégonde,,jbusselg@w3.org,Electrician
29,Pillinger,Gösta,775-368-7309,lpillingerh@alibaba.com,Subcontractor
30,Bottrell,Eliès,716-991-3405,obottrelli@theguardian.com,Surveyor
31,Cordingley,Lén,287-348-7464,acordingleyj@cornell.edu,Construction Manager
32,Crebbin,Kévina,157-146-2535,vcrebbink@goodreads.com,Construction Manager
33,Orleton,Cécilia,,aorletonl@prnewswire.com,Engineer
34,St. Clair,Ophélie,,astclairm@businessweek.com,Estimator
35,McGloin,Gwenaëlle,127-414-0061,lmcgloinn@blog.com,Estimator
36,Fossey,Andrée,949-645-2931,mfosseyo@blogs.com,Supervisor
37,Rolance,Méthode,740-982-2662,irolancep@disqus.com,Surveyor
38,Nolot,Östen,108-897-5832,pnolotq@google.co.jp,Project Manager
39,Todarini,Maïlys,361-348-2314,wtodarinir@t-online.de,Surveyor
40,Broseman,Gisèle,159-997-5865,sbrosemans@berkeley.edu,Architect
41,Hylton,Gösta,543-847-9145,fhyltont@dot.gov,Construction Manager
42,Rawlcliffe,Marie-josée,,vrawlcliffeu@delicious.com,Subcontractor
43,Adelsberg,Intéressant,942-644-0459,badelsbergv@cmu.edu,Subcontractor
44,Haime,Loïs,,dhaimew@amazon.co.uk,Engineer
45,Brandacci,Zoé,,abrandaccix@buzzfeed.com,Supervisor
46,Kevane,Nuó,589-139-4727,vkevaney@noaa.gov,Engineer
47,Hubbocks,Véronique,,vhubbocksz@sfgate.com,Construction Worker
48,Walls,Camélia,,awalls10@freewebs.com,Subcontractor
49,Bennough,Célia,,bbennough11@ustream.tv,Construction Expeditor
50,Wherrett,Bérangère,886-395-7520,swherrett12@wordpress.org,Construction Worker
51,Porteous,Vérane,746-571-1567,bporteous13@prlog.org,Project Manager
52,Onians,Garçon,123-555-4962,monians14@berkeley.edu,Construction Manager
53,Hakeworth,Chloé,897-514-3938,mhakeworth15@ucsd.edu,Construction Foreman
54,Restall,Måns,854-147-0206,lrestall16@deliciousdays.com,Construction Worker
55,Bilsford,Marie-thérèse,180-335-2098,ebilsford17@tmall.com,Construction Manager
56,Ebbing,Loïs,930-942-5737,lebbing18@nymag.com,Engineer
57,Mohammad,Maï,695-958-1727,cmohammad19@columbia.edu,Supervisor
58,Kaemena,Adélaïde,754-359-6362,akaemena1a@digg.com,Architect
59,Voelker,Chloé,497-547-2509,rvoelker1b@nature.com,Construction Expeditor
60,Roslen,Mylène,251-266-4930,froslen1c@ft.com,Construction Manager
61,Ballaam,Gaétane,257-196-6894,iballaam1d@answers.com,Supervisor
62,Kelcey,Tú,,rkelcey1e@squidoo.com,Estimator
63,Lismore,Régine,554-824-4423,glismore1f@ifeng.com,Supervisor
64,Filipczynski,Maëline,866-563-1800,gfilipczynski1g@comsenz.com,Architect
65,Barstowk,Mårten,100-380-2927,bbarstowk1h@usgs.gov,Architect
66,Burghall,Táng,481-780-2607,lburghall1i@uol.com.br,Estimator
67,McKenney,Kévina,971-925-2868,lmckenney1j@naver.com,Project Manager
68,Lello,Irène,,glello1k@independent.co.uk,Engineer
69,Brislane,Andrée,816-642-1047,gbrislane1l@multiply.com,Estimator
70,MacCallister,Mà,858-511-1716,hmaccallister1m@twitpic.com,Project Manager
71,Godilington,Maëlys,313-982-5888,cgodilington1n@narod.ru,Subcontractor
72,Coudray,Sélène,239-713-7444,jcoudray1o@eepurl.com,Architect
73,Mulder,Séréna,,rmulder1p@businessweek.com,Subcontractor
74,Ferroli,Dafnée,782-462-4228,cferroli1q@sohu.com,Supervisor
75,Dunning,Maëlys,816-826-4028,gdunning1r@fastcompany.com,Estimator
76,Jull,Clémence,,ejull1s@t-online.de,Surveyor
77,Alliberton,Noémie,812-644-2337,jalliberton1t@tripadvisor.com,Engineer
78,Pimlock,Desirée,722-206-5758,cpimlock1u@printfriendly.com,Architect
79,Burds,Garçon,534-507-6663,dburds1v@exblog.jp,Subcontractor
80,Gerrie,Marie-josée,,cgerrie1w@foxnews.com,Project Manager
81,Noni,Séverine,119-487-1972,wnoni1x@youtu.be,Construction Expeditor
82,Luttger,Séréna,,uluttger1y@creativecommons.org,Construction Foreman
83,Adamo,Faîtes,612-516-8141,dadamo1z@flickr.com,Construction Manager
250,Canfer,Illustrée,,gcanfer6m@feedburner.com,Supervisor
84,Rash,Méng,127-563-8585,orash20@domainmarket.com,Construction Foreman
85,Warne,Kallisté,,hwarne21@about.com,Supervisor
86,Dresser,André,599-216-0863,bdresser22@ustream.tv,Architect
87,Wandtke,Gisèle,237-310-1910,vwandtke23@ebay.co.uk,Electrician
88,Twede,Måns,563-182-8708,atwede24@psu.edu,Electrician
89,Boam,Lorène,,kboam25@webeden.co.uk,Construction Worker
90,Houndson,Gisèle,,mhoundson26@salon.com,Construction Manager
91,Fleckno,Joséphine,284-277-5748,bfleckno27@51.la,Construction Manager
92,Blowfelde,Lèi,633-920-8650,iblowfelde28@dell.com,Estimator
93,Sawforde,Marie-noël,672-508-2425,dsawforde29@yale.edu,Estimator
94,Aindrais,Bénédicte,241-186-6118,paindrais2a@example.com,Architect
95,Peiser,Noémie,620-310-2860,rpeiser2b@wikimedia.org,Surveyor
96,Childerhouse,Anaé,,echilderhouse2c@merriam-webster.com,Construction Expeditor
97,Pettecrew,Märta,774-675-8327,dpettecrew2d@ask.com,Construction Expeditor
98,Rosser,Pål,,crosser2e@businessweek.com,Construction Foreman
99,Robbeke,Bécassine,676-932-8145,trobbeke2f@multiply.com,Subcontractor
100,Harsent,Maïly,730-292-5471,sharsent2g@oracle.com,Supervisor
101,Penhaligon,Médiamass,,bpenhaligon2h@imdb.com,Supervisor
102,Brisker,Eugénie,,pbrisker2i@wordpress.org,Construction Foreman
103,Nolleth,Torbjörn,449-167-5718,mnolleth2j@princeton.edu,Construction Foreman
104,Billington,Jú,343-269-5219,sbillington2k@ocn.ne.jp,Construction Foreman
105,Jailler,Mélys,783-895-4395,tjailler2l@indiegogo.com,Surveyor
106,Scarce,Estève,673-602-9464,dscarce2m@g.co,Electrician
107,Dowears,Yóu,,jdowears2n@hubpages.com,Construction Foreman
108,State,Táng,185-215-5230,tstate2o@bandcamp.com,Subcontractor
109,Arenson,Kallisté,,darenson2p@slate.com,Architect
110,McGunley,Cunégonde,130-284-5830,rmcgunley2q@feedburner.com,Engineer
111,Havik,Kù,,shavik2r@fotki.com,Architect
112,McMonnies,Pélagie,848-995-5320,lmcmonnies2s@wordpress.org,Engineer
113,Durtnal,Gisèle,637-650-1684,bdurtnal2t@slideshare.net,Surveyor
114,Scroyton,Marie-françoise,892-297-0080,mscroyton2u@paypal.com,Surveyor
115,Rude,Lóng,,mrude2v@pagesperso-orange.fr,Project Manager
116,Jodrelle,Örjan,605-649-9898,kjodrelle2w@vistaprint.com,Engineer
117,Hoggetts,Mén,127-930-0367,khoggetts2x@indiegogo.com,Project Manager
118,Whitsey,Åke,942-190-5022,awhitsey2y@bigcartel.com,Electrician
119,Yakovlev,Simplifiés,,dyakovlev2z@vkontakte.ru,Electrician
120,Woolham,Méline,,wwoolham30@shop-pro.jp,Electrician
121,Kempton,Méng,988-709-8727,akempton31@ehow.com,Electrician
122,Winstanley,Dù,626-394-5231,dwinstanley32@fotki.com,Engineer
123,Patrono,Noëlla,912-778-3714,apatrono33@xinhuanet.com,Construction Expeditor
124,Swains,Sélène,548-761-2647,nswains34@globo.com,Electrician
125,Springett,Örjan,757-404-5911,dspringett35@yelp.com,Estimator
126,Nolin,Célia,317-751-4728,fnolin36@comcast.net,Electrician
127,Houson,Nélie,620-825-1297,chouson37@nydailynews.com,Construction Manager
128,Askew,Liè,436-407-9719,raskew38@w3.org,Engineer
129,Pales,Irène,,rpales39@sbwire.com,Electrician
130,Overington,Maï,,boverington3a@webeden.co.uk,Construction Worker
131,Crook,Léane,222-646-9556,bcrook3b@shutterfly.com,Estimator
132,Leyfield,Stévina,638-829-0040,cleyfield3c@opera.com,Construction Foreman
133,Barck,Mélissandre,456-216-8801,cbarck3d@mail.ru,Electrician
134,Ilyukhov,Valérie,141-128-0540,jilyukhov3e@sfgate.com,Estimator
135,Chorley,Göran,953-331-2049,tchorley3f@cafepress.com,Estimator
136,Aries,Léonie,958-456-4976,zaries3g@nih.gov,Engineer
137,Keble,Maïwenn,218-558-2746,dkeble3h@networksolutions.com,Construction Worker
138,Hatley,Åke,168-354-8078,khatley3i@studiopress.com,Surveyor
139,Gouldthorp,Régine,,lgouldthorp3j@bloglovin.com,Subcontractor
140,Melton,Personnalisée,722-946-1447,dmelton3k@opera.com,Architect
141,Errichi,Fèi,901-136-6994,cerrichi3l@addtoany.com,Construction Foreman
142,Vaudre,Kù,166-210-7351,dvaudre3m@cyberchimps.com,Estimator
143,Coulton,Måns,781-861-9854,tcoulton3n@nyu.edu,Subcontractor
144,Capner,Sòng,905-373-7446,acapner3o@purevolume.com,Supervisor
145,Thorp,Björn,,ethorp3p@163.com,Supervisor
146,Ager,Mårten,450-718-2497,bager3q@altervista.org,Surveyor
147,Swinerd,Gaëlle,173-984-7584,sswinerd3r@disqus.com,Construction Manager
148,Wheeldon,Cécilia,,fwheeldon3s@360.cn,Surveyor
149,Elliss,Desirée,297-367-1379,selliss3t@rediff.com,Construction Expeditor
150,Masding,Vénus,101-285-1301,mmasding3u@cnet.com,Construction Worker
151,Kilborn,Judicaël,701-195-2915,mkilborn3v@ameblo.jp,Surveyor
152,Collop,Maëlyss,363-250-2509,jcollop3w@etsy.com,Engineer
153,Philipps,Andrée,700-560-7345,aphilipps3x@msu.edu,Supervisor
154,Jude,Liè,928-329-2070,jjude3y@sakura.ne.jp,Surveyor
155,Gilbey,Léonie,779-769-7285,cgilbey3z@dell.com,Estimator
156,Rives,Crééz,535-869-6900,yrives40@sogou.com,Engineer
157,Petticrew,Célia,864-804-0153,tpetticrew41@sfgate.com,Supervisor
158,Ratcliff,Zoé,,eratcliff42@nymag.com,Construction Worker
159,Scandwright,Zhì,,mscandwright43@hostgator.com,Surveyor
160,Rudgard,Lyséa,590-876-1385,mrudgard44@vistaprint.com,Construction Expeditor
161,Wheowall,Bécassine,992-904-6835,mwheowall45@time.com,Engineer
162,Ariss,Zoé,,dariss46@unc.edu,Construction Expeditor
163,Woodland,Anaëlle,,nwoodland47@unc.edu,Supervisor
164,Sommer,Publicité,710-910-0070,ssommer48@dropbox.com,Engineer
165,Helleker,Mà,222-697-2899,shelleker49@4shared.com,Construction Expeditor
166,Andreucci,Mélissandre,343-121-4468,tandreucci4a@fc2.com,Project Manager
167,Renshell,Réjane,103-186-8978,trenshell4b@bigcartel.com,Construction Expeditor
168,Scutchin,Börje,,ascutchin4c@woothemes.com,Construction Foreman
169,Willgrass,Océanne,,mwillgrass4d@apple.com,Surveyor
170,Lamball,Léonore,,clamball4e@oaic.gov.au,Subcontractor
171,Aldhouse,Marie-noël,541-556-0074,waldhouse4f@stanford.edu,Project Manager
172,Naisbit,Geneviève,517-728-0057,snaisbit4g@sciencedaily.com,Project Manager
173,Brandolini,Aurélie,,dbrandolini4h@vkontakte.ru,Estimator
174,Vivien,Torbjörn,,lvivien4i@trellian.com,Electrician
175,Wenban,Lucrèce,,dwenban4j@cdc.gov,Construction Foreman
176,Titterton,Maëlyss,885-636-0239,rtitterton4k@w3.org,Subcontractor
177,Grealy,Cunégonde,,jgrealy4l@reddit.com,Construction Worker
178,Benedidick,Märta,,kbenedidick4m@weather.com,Construction Worker
179,Cogger,Anaël,922-329-9655,icogger4n@tmall.com,Supervisor
180,Szimoni,Lucrèce,527-968-7962,eszimoni4o@psu.edu,Engineer
181,Linnett,Clélia,716-311-8213,wlinnett4p@mozilla.org,Construction Expeditor
182,Santhouse,Cloé,913-422-7617,asanthouse4q@webeden.co.uk,Surveyor
183,Blogg,Intéressant,117-231-2865,cblogg4r@clickbank.net,Engineer
184,McGeorge,Marie-josée,671-680-8935,tmcgeorge4s@yellowbook.com,Surveyor
185,Vickerman,Nélie,929-510-0567,ovickerman4t@harvard.edu,Estimator
186,Dudny,Loïs,800-192-4181,edudny4u@pagesperso-orange.fr,Construction Worker
187,O'Shevlan,Liè,107-125-6131,coshevlan4v@mit.edu,Project Manager
188,Conford,Célestine,,aconford4w@discuz.net,Estimator
189,Sinderson,Gisèle,744-488-1064,lsinderson4x@miibeian.gov.cn,Construction Foreman
190,Bracci,Maïly,230-484-8083,vbracci4y@printfriendly.com,Construction Foreman
191,Lademann,Gaëlle,297-887-8891,blademann4z@scientificamerican.com,Surveyor
192,Pavkovic,Françoise,822-306-0125,apavkovic50@tumblr.com,Estimator
193,Meredyth,Michèle,731-733-5813,nmeredyth51@bbb.org,Architect
194,Ferrulli,Åslög,,mferrulli52@yelp.com,Surveyor
195,Newcome,Réjane,862-564-8430,mnewcome53@cnet.com,Supervisor
196,Darrigone,Maïté,729-421-1759,cdarrigone54@zimbio.com,Architect
197,Wharrier,Lucrèce,151-412-4676,ewharrier55@sina.com.cn,Engineer
198,Romanini,Anaé,,zromanini56@jalbum.net,Project Manager
199,Jacquest,Geneviève,,njacquest57@vimeo.com,Engineer
200,Eskriett,Lucrèce,,deskriett58@edublogs.org,Project Manager
201,Weymont,Görel,196-946-0165,rweymont59@live.com,Construction Manager
202,Gartside,Réjane,,kgartside5a@ca.gov,Construction Worker
203,Antoni,Åke,,iantoni5b@bigcartel.com,Surveyor
204,Brian,Kallisté,149-601-8148,dbrian5c@tripadvisor.com,Engineer
205,Santora,Lén,,asantora5d@apache.org,Construction Worker
206,Reside,Wá,576-412-6091,greside5e@google.es,Engineer
207,Dilliway,Méline,,ldilliway5f@telegraph.co.uk,Supervisor
208,McNamara,Géraldine,511-228-0238,vmcnamara5g@intel.com,Architect
209,Shipley,Marie-thérèse,,yshipley5h@bing.com,Construction Foreman
210,Hawke,Garçon,739-527-0104,dhawke5i@webmd.com,Construction Expeditor
211,Sully,Uò,881-863-8369,dsully5j@paginegialle.it,Engineer
212,D'Aubney,Angèle,,adaubney5k@odnoklassniki.ru,Engineer
213,Fitter,Camélia,432-600-6327,nfitter5l@nyu.edu,Construction Foreman
214,Ruddell,Océane,,cruddell5m@wix.com,Construction Foreman
215,Coathup,Naëlle,787-590-1168,hcoathup5n@twitpic.com,Architect
216,Jore,Garçon,496-252-3402,fjore5o@sfgate.com,Estimator
217,Harrild,Märta,287-566-7478,lharrild5p@virginia.edu,Construction Worker
218,Cahen,Cinéma,,icahen5q@newsvine.com,Engineer
219,Catterson,Inès,319-167-8039,tcatterson5r@desdev.cn,Engineer
220,Baker,Torbjörn,,wbaker5s@t.co,Construction Expeditor
221,Mulder,Félicie,609-875-6211,tmulder5t@accuweather.com,Electrician
222,Cropton,Lauréna,,wcropton5u@wikispaces.com,Architect
223,Takle,Laurène,606-725-4489,stakle5v@discuz.net,Subcontractor
224,Gammel,Loïs,922-704-0032,ygammel5w@twitter.com,Construction Expeditor
225,Kingham,Mélanie,666-504-9570,nkingham5x@pen.io,Engineer
226,Gettins,Adélaïde,738-592-8348,pgettins5y@furl.net,Construction Worker
227,Swidenbank,Régine,,tswidenbank5z@cbslocal.com,Surveyor
228,Kupker,Béatrice,983-763-1717,mkupker60@disqus.com,Subcontractor
229,Tomkins,Chloé,479-417-9900,gtomkins61@gizmodo.com,Surveyor
230,Sarle,Séverine,,asarle62@squidoo.com,Engineer
231,McQuilliam,Léandre,,dmcquilliam63@trellian.com,Electrician
232,Rudderham,Maï,,arudderham64@google.com.au,Project Manager
233,Mateiko,Personnalisée,714-629-9128,rmateiko65@ocn.ne.jp,Estimator
234,Bengochea,Lorène,142-274-4433,cbengochea66@disqus.com,Architect
235,Lavelle,Mélia,,alavelle67@arstechnica.com,Construction Expeditor
236,Hehnke,Félicie,739-659-6994,bhehnke68@macromedia.com,Construction Worker
237,Sugge,Zhì,250-947-9686,asugge69@dagondesign.com,Construction Expeditor
238,Chalke,Réjane,828-383-5256,dchalke6a@wp.com,Construction Worker
239,Adney,Mélanie,,sadney6b@usgs.gov,Project Manager
240,Nyssen,Léane,977-851-8250,lnyssen6c@jugem.jp,Supervisor
241,Grimley,Vérane,,pgrimley6d@tumblr.com,Construction Expeditor
242,Sweeny,Méryl,197-563-8964,tsweeny6e@trellian.com,Estimator
243,Esseby,Mélanie,746-553-7686,desseby6f@sun.com,Construction Foreman
244,Planque,Görel,712-557-0213,hplanque6g@cdbaby.com,Construction Manager
245,Fawcus,Gwenaëlle,484-974-5407,efawcus6h@independent.co.uk,Construction Foreman
246,Izatson,Laurélie,253-327-7826,aizatson6i@goo.gl,Estimator
247,Casel,Gaétane,342-636-7737,mcasel6j@phoca.cz,Surveyor
248,Greiser,Zoé,165-477-8939,cgreiser6k@hhs.gov,Architect
249,Nichols,Agnès,639-408-9706,mnichols6l@alibaba.com,Supervisor
251,Benny,Gaëlle,478-848-5796,abenny6n@macromedia.com,Subcontractor
252,Ginnaly,Yè,974-193-7858,nginnaly6o@constantcontact.com,Electrician
253,Furminger,Bérengère,286-794-8864,tfurminger6p@1688.com,Subcontractor
254,Sheardown,Loïca,,asheardown6q@plala.or.jp,Estimator
255,Elverstone,Mélissandre,972-485-6609,eelverstone6r@sogou.com,Engineer
256,Cisland,Mélinda,253-200-3518,tcisland6s@youku.com,Supervisor
257,Hebbard,Uò,607-869-9912,chebbard6t@youtube.com,Architect
258,Ogg,Lén,,dogg6u@kickstarter.com,Construction Foreman
259,Lawden,Anaël,,clawden6v@google.co.uk,Engineer
260,Dymoke,Loïc,533-670-9557,fdymoke6w@amazon.de,Architect
261,Gatteridge,Simplifiés,,agatteridge6x@t-online.de,Supervisor
262,Cavanagh,Yáo,,icavanagh6y@bloglines.com,Construction Expeditor
263,Gillings,Marie-noël,719-117-4266,ggillings6z@paypal.com,Subcontractor
264,Pilcher,Estée,,apilcher70@sfgate.com,Surveyor
265,Dreng,Marie-françoise,,ldreng71@deliciousdays.com,Surveyor
266,Gouldbourn,Maïté,,fgouldbourn72@infoseek.co.jp,Architect
267,Polendine,Réjane,615-354-3813,hpolendine73@tinypic.com,Construction Foreman
268,Bedinn,Håkan,219-666-2493,mbedinn74@baidu.com,Construction Worker
269,Sudy,Audréanne,777-520-5022,gsudy75@comsenz.com,Construction Foreman
270,Berdale,Pénélope,471-481-7142,rberdale76@yahoo.co.jp,Electrician
271,Poure,Néhémie,224-377-1814,tpoure77@nhs.uk,Surveyor
272,Klimentyonok,Maëlla,,kklimentyonok78@mediafire.com,Construction Foreman
273,De Santos,Styrbjörn,979-326-1595,kdesantos79@redcross.org,Construction Expeditor
274,Blumire,Maëlann,137-549-3160,rblumire7a@google.cn,Construction Worker
275,Deignan,Noëlla,,edeignan7b@taobao.com,Surveyor
276,Chestle,Aimée,,lchestle7c@senate.gov,Subcontractor
277,Chifney,André,343-303-3196,cchifney7d@economist.com,Construction Worker
278,Sancroft,Loïca,960-837-8394,bsancroft7e@facebook.com,Architect
279,Moppett,Mélina,,cmoppett7f@prlog.org,Subcontractor
280,Sellman,Irène,579-321-6447,ssellman7g@liveinternet.ru,Electrician
281,Runham,Anaé,679-603-9839,frunham7h@jigsy.com,Engineer
282,Ranken,Kévina,828-462-9165,sranken7i@google.fr,Electrician
283,Faire,Thérèsa,,sfaire7j@nationalgeographic.com,Project Manager
284,Qusklay,Fèi,,aqusklay7k@tinyurl.com,Construction Worker
285,Daber,Naéva,655-684-5105,cdaber7l@cdc.gov,Construction Expeditor
286,Macklam,Ráo,767-301-2500,amacklam7m@freewebs.com,Construction Manager
287,Grzeszczak,Björn,579-614-1107,fgrzeszczak7n@myspace.com,Engineer
288,Dulinty,Médiamass,,mdulinty7o@rakuten.co.jp,Architect
289,Leedal,Edmée,,jleedal7p@moonfruit.com,Construction Manager
290,Melding,Crééz,175-110-5706,rmelding7q@nytimes.com,Architect
291,Gilding,Célestine,499-343-3842,agilding7r@apple.com,Architect
292,Killner,Mélia,496-147-5008,mkillner7s@yahoo.com,Subcontractor
293,Nerney,Yénora,,snerney7t@vk.com,Supervisor
294,Ralton,Garçon,,cralton7u@xrea.com,Supervisor
295,Sircomb,Gwenaëlle,997-454-6831,asircomb7v@cmu.edu,Construction Foreman
296,Arnison,Ruò,588-840-3395,karnison7w@webmd.com,Construction Manager
297,Rysdale,Örjan,,srysdale7x@tinypic.com,Surveyor
298,Haddon,Andrée,449-344-3436,ahaddon7y@homestead.com,Architect
299,Tolson,Adélaïde,,ctolson7z@ezinearticles.com,Engineer
300,Santhouse,Alizée,,ssanthouse80@spiegel.de,Supervisor
301,Hubbucke,Desirée,216-532-9672,ghubbucke81@1688.com,Engineer
302,Duckhouse,Wá,408-570-0789,pduckhouse82@ehow.com,Subcontractor
303,Eighteen,Judicaël,455-410-4904,deighteen83@nifty.com,Architect
304,Dudson,Zoé,,mdudson84@facebook.com,Engineer
305,Sher,Frédérique,218-143-6377,msher85@surveymonkey.com,Surveyor
306,Renackowna,Loïs,,krenackowna86@irs.gov,Construction Manager
307,Luton,Solène,,pluton87@census.gov,Estimator
308,Eydel,Eliès,906-765-9739,aeydel88@yolasite.com,Surveyor
309,Hoofe,Laurélie,822-822-5567,fhoofe89@kickstarter.com,Surveyor
310,Blaes,Kallisté,,cblaes8a@pbs.org,Supervisor
311,Peter,Illustrée,419-891-4151,jpeter8b@chicagotribune.com,Construction Foreman
312,Duiguid,Uò,,mduiguid8c@i2i.jp,Subcontractor
313,Dullingham,Tú,,adullingham8d@so-net.ne.jp,Engineer
314,Durtnall,Bérénice,247-227-4839,adurtnall8e@imgur.com,Electrician
315,Scraney,Mà,363-951-1606,tscraney8f@histats.com,Construction Manager
316,Yonge,Anaëlle,923-237-2465,ayonge8g@t-online.de,Project Manager
317,Blaycock,Åslög,296-542-1678,kblaycock8h@guardian.co.uk,Construction Expeditor
318,Bewly,Camélia,388-355-5808,ebewly8i@statcounter.com,Construction Expeditor
319,Puden,Camélia,978-568-4458,mpuden8j@wp.com,Subcontractor
320,Reynish,Séréna,500-481-6644,mreynish8k@twitpic.com,Construction Expeditor
321,Stickels,Liè,379-340-0039,astickels8l@gov.uk,Electrician
322,Tenaunt,Célestine,497-399-5741,ltenaunt8m@constantcontact.com,Project Manager
323,Drust,Maëlys,226-605-0831,cdrust8n@163.com,Electrician
324,MacGiolla Pheadair,Stévina,387-831-1207,nmacgiollapheadair8o@smh.com.au,Supervisor
325,MacVicar,Alizée,558-625-6413,cmacvicar8p@wix.com,Supervisor
326,Oby,Måns,296-552-8199,joby8q@vk.com,Electrician
327,Circuitt,Loïs,231-304-9581,hcircuitt8r@ycombinator.com,Project Manager
328,Conaboy,Fèi,728-548-8532,mconaboy8s@foxnews.com,Subcontractor
329,Mc Menamin,Chloé,661-282-2976,mmcmenamin8t@163.com,Construction Worker
330,Lismer,Célia,174-638-4130,nlismer8u@com.com,Construction Worker
331,Reisin,Torbjörn,,sreisin8v@google.pl,Construction Manager
332,Gerardin,Björn,718-492-6994,ggerardin8w@earthlink.net,Project Manager
333,Purry,Mélia,151-658-1852,rpurry8x@t.co,Construction Expeditor
334,Britney,Léana,,abritney8y@g.co,Construction Expeditor
335,Mangon,Börje,,amangon8z@de.vu,Construction Foreman
336,Coathup,Maïly,589-260-7736,acoathup90@arizona.edu,Subcontractor
337,McBain,Intéressant,,mmcbain91@simplemachines.org,Electrician
338,Lessmare,Lài,,alessmare92@scribd.com,Supervisor
339,Bunt,Léane,,abunt93@cocolog-nifty.com,Estimator
340,Le Gassick,Chloé,492-123-6029,ilegassick94@a8.net,Construction Manager
341,Evequot,Edmée,533-120-0634,levequot95@indiatimes.com,Architect
342,Vittery,Léone,308-371-7598,mvittery96@wikispaces.com,Construction Manager
343,Grinyer,Erwéi,850-846-9530,fgrinyer97@hubpages.com,Construction Foreman
344,Ludy,Anaël,884-462-1205,bludy98@zimbio.com,Construction Expeditor
345,Riccard,Léa,550-860-8524,mriccard99@omniture.com,Construction Worker
346,Bathurst,Gaëlle,989-473-6898,mbathurst9a@domainmarket.com,Construction Manager
347,Mindenhall,Dù,854-531-3598,rmindenhall9b@vimeo.com,Engineer
348,Joddins,Noémie,133-738-9515,njoddins9c@ovh.net,Architect
349,Given,Mélys,105-714-8194,vgiven9d@hhs.gov,Supervisor
350,Van Bruggen,Aimée,290-814-0586,dvanbruggen9e@blogger.com,Supervisor
351,Morris,Geneviève,708-338-6176,jmorris9f@biblegateway.com,Supervisor
352,Hagard,Frédérique,255-709-9811,ghagard9g@wordpress.org,Project Manager
353,Seadon,Dù,313-562-9533,pseadon9h@cargocollective.com,Surveyor
354,Hallewell,Yáo,,ghallewell9i@theguardian.com,Construction Manager
355,Plunket,Sélène,980-890-0764,bplunket9j@jugem.jp,Estimator
356,Snipe,Rébecca,624-789-7830,fsnipe9k@goodreads.com,Subcontractor
357,Merriman,Stéphanie,773-488-2436,fmerriman9l@archive.org,Estimator
358,Laurentino,Andréa,117-814-9469,flaurentino9m@hubpages.com,Project Manager
359,Runciman,Eloïse,171-628-8958,drunciman9n@gizmodo.com,Supervisor
360,Yakhin,Dorothée,863-285-5755,lyakhin9o@google.co.jp,Construction Expeditor
361,Tweedie,Börje,760-813-0096,btweedie9p@paypal.com,Supervisor
362,Durtnal,Maéna,751-745-3279,mdurtnal9q@vistaprint.com,Construction Manager
363,Baudy,Marlène,852-415-1718,jbaudy9r@adobe.com,Electrician
364,Baccas,Ráo,476-912-8811,jbaccas9s@pen.io,Surveyor
365,Bodsworth,Régine,204-274-5512,lbodsworth9t@chicagotribune.com,Surveyor
366,Ferrar,Thérèsa,,cferrar9u@google.cn,Construction Expeditor
367,Legg,Géraldine,,alegg9v@senate.gov,Project Manager
368,Madre,Valérie,923-766-4471,jmadre9w@mapquest.com,Construction Expeditor
369,Dorcey,Françoise,,hdorcey9x@biblegateway.com,Electrician
370,Bartolomeazzi,Eléonore,217-290-4588,rbartolomeazzi9y@canalblog.com,Construction Manager
371,Jendrach,Åslög,584-280-1259,rjendrach9z@technorati.com,Surveyor
372,Roset,Amélie,421-859-8284,troseta0@netlog.com,Construction Worker
373,Auden,Célestine,273-536-0136,aaudena1@360.cn,Construction Expeditor
374,Keeting,Inès,651-890-3644,akeetinga2@shinystat.com,Engineer
375,Laurencot,Vérane,138-852-4816,klaurencota3@163.com,Construction Foreman
376,Beecker,Naëlle,849-763-4223,wbeeckera4@paginegialle.it,Electrician
377,Okill,Maëlle,415-240-5110,bokilla5@usatoday.com,Estimator
378,Sylvaine,Östen,894-264-5044,msylvainea6@aboutads.info,Surveyor
379,Sall,Rachèle,416-594-0479,jsalla7@mtv.com,Construction Worker
380,Gilluley,Lorène,885-502-5778,tgilluleya8@fastcompany.com,Electrician
381,Chelam,Eloïse,,mchelama9@a8.net,Construction Manager
382,Dunk,Mårten,359-744-7027,rdunkaa@vkontakte.ru,Construction Expeditor
383,Haigh,Naëlle,815-426-2409,bhaighab@xinhuanet.com,Construction Expeditor
384,Norree,Cléopatre,201-452-6112,knorreeac@techcrunch.com,Estimator
385,McArthur,Audréanne,,omcarthurad@cloudflare.com,Project Manager
386,Hubbart,Görel,,hhubbartae@nhs.uk,Construction Worker
387,Degnen,Kù,707-902-8716,tdegnenaf@cbsnews.com,Estimator
388,Baptiste,Frédérique,936-120-5074,mbaptisteag@live.com,Construction Foreman
389,Bramsom,Maéna,732-214-4951,kbramsomah@vistaprint.com,Project Manager
390,Heis,Cinéma,,aheisai@sbwire.com,Construction Manager
391,Hargess,Håkan,362-271-8760,ghargessaj@skype.com,Surveyor
392,Shafier,Méng,,yshafierak@howstuffworks.com,Estimator
393,Trustie,Vérane,242-289-3157,etrustieal@hugedomains.com,Construction Expeditor
394,Spires,Ophélie,473-186-3441,gspiresam@japanpost.jp,Construction Expeditor
395,MacNulty,Mélinda,311-965-6636,bmacnultyan@cbslocal.com,Surveyor
396,Davidou,Maï,530-758-8446,sdavidouao@mozilla.org,Construction Manager
397,Adds,Mylène,881-942-9033,aaddsap@newsvine.com,Estimator
398,Halle,Kallisté,,uhalleaq@yahoo.co.jp,Surveyor
399,Kippin,Mélanie,,akippinar@ifeng.com,Architect
400,Dioniso,Laurène,,gdionisoas@economist.com,Construction Worker
401,Debenham,Lauréna,487-593-6205,fdebenhamat@wordpress.com,Project Manager
402,Leggin,Méryl,110-255-4703,glegginau@about.com,Construction Worker
403,O'Corren,Táng,131-576-6645,cocorrenav@sciencedaily.com,Subcontractor
404,Ashling,Néhémie,175-559-4535,sashlingaw@wikimedia.org,Construction Manager
405,Whitlow,Aloïs,184-182-9454,awhitlowax@constantcontact.com,Electrician
406,Lopez,Intéressant,,klopezay@gov.uk,Construction Manager
407,Shanklin,Séverine,148-153-2761,jshanklinaz@rakuten.co.jp,Electrician
408,Boustead,Annotée,348-739-0217,wbousteadb0@ustream.tv,Engineer
409,Sutter,Lucrèce,945-393-7661,csutterb1@arizona.edu,Estimator
410,Ommanney,Mahélie,692-172-1798,dommanneyb2@posterous.com,Project Manager
411,Schonfeld,Andréanne,880-259-7252,kschonfeldb3@t.co,Surveyor
412,MacAleese,Anaïs,296-340-5482,tmacaleeseb4@phoca.cz,Construction Manager
413,Finlow,Bécassine,443-739-4225,afinlowb5@latimes.com,Subcontractor
414,Laughlan,Eugénie,,plaughlanb6@infoseek.co.jp,Engineer
415,Belf,Esbjörn,735-642-9057,sbelfb7@reuters.com,Surveyor
416,Bandiera,Méryl,343-641-6425,gbandierab8@blogspot.com,Construction Expeditor
417,Gimblett,Pénélope,707-334-5400,tgimblettb9@wp.com,Construction Manager
418,Bunt,Lyséa,,nbuntba@t-online.de,Project Manager
419,Davidovsky,Anaïs,328-983-9357,idavidovskybb@examiner.com,Architect
420,Duggen,Yóu,,mduggenbc@constantcontact.com,Construction Manager
421,Mellows,Annotés,,jmellowsbd@miibeian.gov.cn,Supervisor
422,Eyckelbeck,Maëlla,194-511-2414,peyckelbeckbe@upenn.edu,Construction Foreman
423,Hedling,Börje,,mhedlingbf@hugedomains.com,Construction Manager
424,Braidon,Méryl,979-332-4040,nbraidonbg@godaddy.com,Project Manager
425,Mathewson,Marie-thérèse,,tmathewsonbh@zdnet.com,Architect
426,Hiom,Mélodie,504-160-2594,ahiombi@rediff.com,Electrician
427,Boullen,Marie-noël,,cboullenbj@sitemeter.com,Electrician
428,Boriston,Bécassine,593-241-4773,wboristonbk@1und1.de,Project Manager
429,Withur,Cécilia,,kwithurbl@google.fr,Construction Worker
430,Buney,Yú,483-874-6040,mbuneybm@cbc.ca,Construction Worker
431,Cadd,Bénédicte,,kcaddbn@cargocollective.com,Subcontractor
432,Grass,Pò,983-199-3138,bgrassbo@eepurl.com,Subcontractor
433,Culshaw,Måns,687-143-1549,lculshawbp@umich.edu,Construction Worker
434,Adamthwaite,Vénus,594-178-2985,yadamthwaitebq@t.co,Electrician
435,Mingus,Dù,,kmingusbr@soup.io,Construction Worker
436,Dinning,Océane,659-186-2703,pdinningbs@youku.com,Engineer
437,Keats,Irène,361-821-5677,gkeatsbt@behance.net,Electrician
438,Furbank,Agnès,818-624-9178,cfurbankbu@cnbc.com,Construction Manager
439,Yusupov,Naëlle,814-170-0763,vyusupovbv@cbslocal.com,Supervisor
440,Marron,Zoé,118-594-9862,bmarronbw@army.mil,Project Manager
441,Ferson,Clémence,,gfersonbx@cornell.edu,Subcontractor
442,Ferretti,Réservés,,lferrettiby@youtube.com,Subcontractor
443,Rosenstein,Françoise,606-199-0857,crosensteinbz@technorati.com,Subcontractor
444,Drever,Ruì,,ldreverc0@ameblo.jp,Engineer
445,Bytheway,Crééz,332-102-6007,lbythewayc1@paginegialle.it,Construction Expeditor
446,Pohls,Rachèle,197-652-4875,qpohlsc2@usgs.gov,Construction Foreman
447,Aronov,Maëlla,334-588-0206,maronovc3@163.com,Supervisor
448,Gockeler,Maïté,468-434-2559,hgockelerc4@csmonitor.com,Construction Foreman
449,Knutton,Clélia,,aknuttonc5@blogspot.com,Engineer
450,Maroney,Méng,768-854-0243,rmaroneyc6@flickr.com,Construction Expeditor
451,Ventom,Cloé,583-219-9683,gventomc7@google.pl,Construction Manager
452,O'Neill,Andrée,578-144-2969,moneillc8@issuu.com,Construction Worker
453,Ranscomb,Gösta,441-833-3846,wranscombc9@adobe.com,Construction Expeditor
454,De Micoli,Vérane,558-962-1504,edemicolica@infoseek.co.jp,Construction Worker
455,Couve,Yóu,126-605-3981,vcouvecb@aol.com,Construction Worker
456,Tatchell,Marie-noël,904-986-4137,statchellcc@yandex.ru,Construction Foreman
457,Kenworthey,Estée,540-388-7542,wkenwortheycd@time.com,Surveyor
458,O'Sullivan,Mélinda,779-724-7649,josullivance@theglobeandmail.com,Construction Expeditor
459,Dryburgh,Maïlys,,pdryburghcf@berkeley.edu,Construction Foreman
460,Heyns,Lén,,dheynscg@ycombinator.com,Construction Expeditor
461,Duiged,Torbjörn,810-140-2040,gduigedch@youtu.be,Construction Foreman
462,Keems,Nuó,,okeemsci@yale.edu,Construction Foreman
463,Edler,Mélinda,544-731-2412,cedlercj@xing.com,Architect
464,Wagen,Yáo,773-622-9843,gwagenck@ucoz.ru,Subcontractor
465,Reaman,Personnalisée,190-148-6803,sreamancl@baidu.com,Architect
466,Bosward,Océane,467-633-5956,jboswardcm@canalblog.com,Electrician
467,Spur,André,900-769-0445,rspurcn@yahoo.com,Subcontractor
468,Brighouse,Lauréna,734-575-3761,pbrighouseco@cornell.edu,Subcontractor
469,Sans,Táng,,ksanscp@mysql.com,Supervisor
470,Odde,André,530-643-6979,boddecq@sbwire.com,Engineer
471,Bartol,Marie-josée,883-668-6632,fbartolcr@ezinearticles.com,Construction Manager
472,Gimbrett,Salomé,332-877-1922,agimbrettcs@apache.org,Subcontractor
473,Spilsburie,Léonie,817-510-1550,fspilsburiect@sourceforge.net,Project Manager
474,Peegrem,Régine,,tpeegremcu@nytimes.com,Electrician
475,Dowty,Görel,182-580-0921,ldowtycv@altervista.org,Construction Foreman
476,Moan,Anaïs,,lmoancw@wiley.com,Architect
477,Kirtland,Régine,533-384-8898,wkirtlandcx@123-reg.co.uk,Architect
478,Fenelow,Aloïs,,afenelowcy@dion.ne.jp,Electrician
479,Barter,Kévina,528-497-9835,lbartercz@amazon.co.uk,Estimator
480,Bartrum,Lucrèce,138-624-5404,dbartrumd0@walmart.com,Surveyor
481,Whitham,Frédérique,175-199-2971,wwhithamd1@people.com.cn,Construction Expeditor
482,Willox,Desirée,,rwilloxd2@tmall.com,Construction Worker
483,Corn,Anaé,291-943-6501,acornd3@princeton.edu,Supervisor
484,Geekin,Thérèse,,ggeekind4@amazon.com,Supervisor
485,Fogden,Eléonore,,bfogdend5@furl.net,Estimator
486,Polgreen,Bérénice,107-850-7028,apolgreend6@t.co,Surveyor
487,Codman,Estée,682-190-5040,ccodmand7@marriott.com,Construction Worker
488,Doohan,Judicaël,506-154-5710,ldoohand8@tumblr.com,Subcontractor
489,Pickover,Mélina,573-917-1033,rpickoverd9@nydailynews.com,Architect
490,Itzcak,Clémentine,943-235-4673,ditzcakda@independent.co.uk,Architect
491,Blenkinsop,Clémence,,gblenkinsopdb@webs.com,Electrician
492,Huckabe,Eléa,338-364-6519,jhuckabedc@stanford.edu,Architect
493,Wrightson,Mén,975-420-8473,twrightsondd@businesswire.com,Architect
494,Maylott,Liè,,emaylottde@lulu.com,Construction Foreman
495,Umney,Personnalisée,997-656-4318,rumneydf@4shared.com,Construction Expeditor
496,Satchell,Sélène,763-959-7464,bsatchelldg@digg.com,Engineer
497,Bessell,Crééz,,ebesselldh@smh.com.au,Surveyor
498,Hunnisett,Solène,434-509-5235,ahunnisettdi@patch.com,Supervisor
499,Krahl,Alizée,744-420-8810,gkrahldj@vimeo.com,Construction Manager
500,Ambrodi,Léane,751-395-8923,rambrodidk@live.com,Surveyor
501,Posen,Lèi,,eposendl@gnu.org,Engineer
502,Mc Kellen,Adélie,783-239-6922,emckellendm@economist.com,Electrician
503,Klimus,Styrbjörn,571-932-4517,gklimusdn@webmd.com,Electrician
504,Sorensen,Almérinda,,asorensendo@chicagotribune.com,Construction Expeditor
505,Scurrey,Séverine,205-212-3579,bscurreydp@unc.edu,Supervisor
506,Guinery,Ophélie,353-227-4226,nguinerydq@yandex.ru,Estimator
507,Drewett,Kallisté,519-972-3506,cdrewettdr@guardian.co.uk,Construction Foreman
508,Scruby,Aloïs,228-532-8906,fscrubyds@mit.edu,Construction Worker
509,Roxburgh,Daphnée,,kroxburghdt@myspace.com,Project Manager
510,Vequaud,Måns,,avequauddu@storify.com,Estimator
511,Blakeney,Loïc,298-702-3621,cblakeneydv@clickbank.net,Architect
512,Ligoe,Cloé,455-658-4793,pligoedw@japanpost.jp,Architect
513,Harmson,Cléopatre,,vharmsondx@washington.edu,Engineer
514,Polack,Edmée,162-516-6494,bpolackdy@rakuten.co.jp,Estimator
515,Croux,Laurène,856-221-0396,lcrouxdz@upenn.edu,Engineer
516,Margaritelli,Véronique,,lmargaritellie0@oaic.gov.au,Construction Foreman
517,Walklot,Noémie,883-976-9311,qwalklote1@digg.com,Subcontractor
518,Rawlyns,Mélina,158-439-2900,drawlynse2@nhs.uk,Subcontractor
519,Howton,Michèle,452-330-5575,fhowtone3@eepurl.com,Construction Worker
520,Glendzer,Annotée,606-174-1992,pglendzere4@hhs.gov,Supervisor
521,Rudland,Gaïa,,brudlande5@oakley.com,Estimator
522,Melluish,Anaël,145-447-8840,bmelluishe6@github.io,Subcontractor
523,Le Fleming,Aimée,248-149-3543,slefleminge7@dell.com,Construction Manager
524,Gotecliffe,Amélie,,kgotecliffee8@arizona.edu,Engineer
525,Worledge,Nadège,797-944-6381,mworledgee9@cnet.com,Supervisor
526,Weller,Maïwenn,,swellerea@moonfruit.com,Construction Foreman
527,Ketch,Solène,,sketcheb@blog.com,Construction Foreman
528,Jenkinson,Aurélie,507-930-0508,sjenkinsonec@usa.gov,Construction Expeditor
529,Noir,Eloïse,949-769-8730,bnoired@abc.net.au,Electrician
530,Ibbott,Laurène,,kibbottee@shinystat.com,Surveyor
531,Warstall,Réservés,114-380-9622,wwarstallef@digg.com,Engineer
532,Gregory,Gösta,924-800-8840,sgregoryeg@rambler.ru,Electrician
533,Sanford,Maëlle,257-234-0262,csanfordeh@gizmodo.com,Surveyor
534,Roark,Gwenaëlle,818-854-4692,aroarkei@cnet.com,Supervisor
535,Skeath,Laurène,999-453-7632,sskeathej@fda.gov,Construction Manager
536,Alberts,Lyséa,866-158-2352,aalbertsek@over-blog.com,Project Manager
537,Thornham,Léa,,dthornhamel@loc.gov,Estimator
538,Brusin,Adèle,961-635-4400,hbrusinem@g.co,Estimator
539,Glassford,Frédérique,,rglassforden@un.org,Estimator
540,Warriner,Méghane,680-912-5968,gwarrinereo@simplemachines.org,Construction Foreman
541,Eisenberg,Stévina,654-111-5421,reisenbergep@arstechnica.com,Subcontractor
542,Niesing,Zoé,,tniesingeq@fotki.com,Architect
543,Sudell,Marie-thérèse,343-194-3429,dsudeller@mysql.com,Construction Worker
544,Dannett,Félicie,,tdannettes@weebly.com,Engineer
545,Eddis,Laurélie,815-452-7147,eeddiset@elpais.com,Construction Worker
546,Brawley,Ophélie,,hbrawleyeu@prweb.com,Surveyor
547,Wallbank,Maïlys,192-645-4297,gwallbankev@google.de,Construction Foreman
548,Geater,Estée,,tgeaterew@skyrock.com,Subcontractor
549,Humbatch,Pélagie,345-493-3198,zhumbatchex@blogs.com,Construction Worker
550,Dowell,Intéressant,545-211-3487,bdowelley@smugmug.com,Construction Foreman
551,Rhodef,Aimée,232-734-0346,trhodefez@vk.com,Surveyor
552,Vigar,Gaïa,,kvigarf0@omniture.com,Construction Worker
553,Melwall,Maëlys,977-969-9811,bmelwallf1@deviantart.com,Construction Expeditor
554,Maiklem,Bécassine,615-601-0122,mmaiklemf2@sogou.com,Surveyor
555,Bruckental,Cléopatre,612-604-9181,kbruckentalf3@whitehouse.gov,Subcontractor
556,Genge,Maëlyss,,qgengef4@live.com,Supervisor
557,Attew,Clémence,513-646-7837,mattewf5@scientificamerican.com,Project Manager
558,Pinckney,Tú,,rpinckneyf6@4shared.com,Subcontractor
559,Marc,Garçon,,hmarcf7@ox.ac.uk,Construction Manager
560,O'Shirine,Thérèsa,530-705-4675,koshirinef8@4shared.com,Engineer
561,Hamlington,Géraldine,883-421-1066,ehamlingtonf9@marketwatch.com,Construction Foreman
562,Alyutin,Aurélie,125-933-0238,calyutinfa@samsung.com,Subcontractor
563,Arnason,Maï,,aarnasonfb@msu.edu,Supervisor
564,Rushforth,Frédérique,347-342-0663,erushforthfc@is.gd,Construction Manager
565,Alger,Alizée,,falgerfd@facebook.com,Construction Worker
566,Andresen,Pélagie,,uandresenfe@t-online.de,Construction Expeditor
567,Drezzer,Aimée,,cdrezzerff@hao123.com,Electrician
568,Rehme,Loïca,631-359-3759,drehmefg@nps.gov,Architect
569,Bartalucci,Célestine,644-343-5938,dbartaluccifh@acquirethisname.com,Construction Foreman
570,Harrie,Åke,,wharriefi@4shared.com,Estimator
571,Walak,Cléa,,cwalakfj@netscape.com,Construction Manager
572,Coopland,André,,rcooplandfk@g.co,Subcontractor
573,Seel,Maïté,,dseelfl@google.fr,Project Manager
574,Vidgeon,Lèi,717-902-6114,hvidgeonfm@comsenz.com,Engineer
575,Fills,Yú,910-234-4902,mfillsfn@pcworld.com,Project Manager
576,O'Carroll,Audréanne,121-883-2584,wocarrollfo@yahoo.com,Construction Worker
577,Aleswell,Léandre,,taleswellfp@sun.com,Engineer
578,Trusler,Hélène,,ntruslerfq@eventbrite.com,Engineer
579,Gatcliff,Mélodie,460-483-6768,wgatclifffr@imdb.com,Construction Manager
580,Gierhard,Ophélie,372-748-0586,agierhardfs@shop-pro.jp,Estimator
581,Linskey,Mégane,,alinskeyft@ed.gov,Architect
582,Doring,Aurélie,459-833-5741,adoringfu@hhs.gov,Engineer
583,Ballantyne,Mégane,,tballantynefv@un.org,Subcontractor
584,Fransseni,Cléopatre,,lfranssenifw@hatena.ne.jp,Estimator
585,Teasdale-Markie,Océanne,,cteasdalemarkiefx@networkadvertising.org,Construction Expeditor
586,Wyllie,Lyséa,288-719-5890,kwylliefy@usnews.com,Estimator
587,Joseff,Håkan,476-954-2269,yjosefffz@facebook.com,Project Manager
588,McCaster,Méryl,190-462-5769,rmccasterg0@ameblo.jp,Engineer
589,Ashton,Mélys,271-769-6333,sashtong1@dailymail.co.uk,Architect
590,Mival,Liè,711-984-4775,mmivalg2@google.ru,Electrician
591,Brockhurst,Cécilia,680-536-6140,tbrockhurstg3@xrea.com,Subcontractor
592,McKillop,Océane,527-507-3183,hmckillopg4@theatlantic.com,Engineer
593,Canape,Liè,359-741-4710,bcanapeg5@qq.com,Subcontractor
594,Greengrass,Dafnée,989-912-0150,hgreengrassg6@forbes.com,Surveyor
595,Whichelow,Maïlis,907-375-6334,swhichelowg7@bigcartel.com,Electrician
596,Pride,Mélinda,,bprideg8@shareasale.com,Estimator
597,Meany,Mélinda,,imeanyg9@tinyurl.com,Engineer
598,Loyndon,Eliès,188-685-5980,lloyndonga@technorati.com,Engineer
599,Thay,Célestine,,lthaygb@hatena.ne.jp,Construction Foreman
600,Carlisle,Naéva,,dcarlislegc@census.gov,Estimator
601,Spering,Gaïa,236-169-2291,jsperinggd@canalblog.com,Construction Manager
602,Hastelow,Håkan,221-718-2555,bhastelowge@prweb.com,Surveyor
603,Verdun,Mà,,cverdungf@histats.com,Supervisor
604,Whitsey,Desirée,304-384-5781,kwhitseygg@samsung.com,Subcontractor
605,Bergstram,Hélèna,501-700-3257,wbergstramgh@ibm.com,Construction Expeditor
606,Genney,Naëlle,310-506-0144,pgenneygi@blog.com,Architect
607,Proctor,Kuí,175-590-5006,cproctorgj@google.co.uk,Engineer
608,Adolfsen,Sélène,346-402-6257,hadolfsengk@google.com.hk,Project Manager
609,Sumner,Kallisté,,jsumnergl@spotify.com,Architect
610,Hedgeley,Märta,214-900-3918,shedgeleygm@unc.edu,Supervisor
611,Wellbeloved,Maïwenn,,awellbelovedgn@japanpost.jp,Construction Expeditor
612,Pershouse,Marie-françoise,,cpershousego@ftc.gov,Project Manager
613,Winkworth,Séréna,503-241-8830,fwinkworthgp@scribd.com,Estimator
614,Lapwood,Séréna,211-865-6572,dlapwoodgq@friendfeed.com,Construction Expeditor
615,Cherry Holme,Mélinda,232-350-4861,hcherryholmegr@google.com,Construction Expeditor
616,Airds,Björn,302-461-2856,fairdsgs@usda.gov,Engineer
617,Huffey,Chloé,746-492-4628,ehuffeygt@oracle.com,Engineer
618,Stigers,Bérangère,,tstigersgu@jalbum.net,Project Manager
619,Tomeo,Yú,317-426-6313,ptomeogv@ucsd.edu,Electrician
620,Fullom,Wá,664-981-5874,ffullomgw@arizona.edu,Electrician
621,Cahan,Anaëlle,463-423-0549,scahangx@free.fr,Project Manager
622,Simms,Stévina,891-655-0035,bsimmsgy@who.int,Engineer
623,O'Halleghane,Lyséa,897-137-9798,fohalleghanegz@vistaprint.com,Architect
624,Adran,Camélia,122-635-8007,cadranh0@mashable.com,Architect
625,Keneleyside,Mélia,,hkeneleysideh1@apple.com,Construction Worker
626,Dunbleton,Méng,,sdunbletonh2@de.vu,Construction Foreman
627,Rea,Yénora,,breah3@nasa.gov,Supervisor
628,Lamburne,Måns,,rlamburneh4@shutterfly.com,Construction Expeditor
629,Calloway,Intéressant,869-973-4814,gcallowayh5@pagesperso-orange.fr,Electrician
630,Van Arsdale,Håkan,,mvanarsdaleh6@redcross.org,Surveyor
631,Alven,Cléopatre,735-897-1669,jalvenh7@stanford.edu,Surveyor
632,Penlington,Ráo,683-449-1171,rpenlingtonh8@ustream.tv,Construction Foreman
633,Twiggs,Kallisté,409-784-2852,ptwiggsh9@ning.com,Project Manager
634,Swinford,Anaé,188-440-2697,lswinfordha@webnode.com,Supervisor
635,Bigmore,Fèi,697-642-4129,nbigmorehb@is.gd,Surveyor
636,Simyson,Almérinda,,gsimysonhc@mysql.com,Supervisor
637,Maden,Tán,193-482-2829,amadenhd@mashable.com,Construction Expeditor
638,Oleshunin,Sélène,942-839-6878,coleshuninhe@chicagotribune.com,Construction Worker
639,Endrighi,Mélissandre,721-962-4532,lendrighihf@sfgate.com,Surveyor
640,Giblin,Björn,,lgiblinhg@spotify.com,Estimator
641,Syms,Camélia,774-530-6699,msymshh@lycos.com,Construction Foreman
642,Pocklington,Lucrèce,,spocklingtonhi@google.com,Subcontractor
643,Ellington,Dù,672-391-9116,fellingtonhj@sbwire.com,Surveyor
644,Tomasello,Mén,625-252-7175,etomasellohk@dell.com,Construction Expeditor
645,Simonetti,Edmée,,osimonettihl@sphinn.com,Surveyor
646,McShirrie,Maïlis,,dmcshirriehm@irs.gov,Electrician
647,Joannet,Marie-ève,,gjoannethn@nyu.edu,Project Manager
648,Fardo,Lèi,725-949-1216,lfardoho@hao123.com,Construction Foreman
649,Bute,Laïla,,obutehp@istockphoto.com,Architect
650,Killough,Méng,,skilloughhq@bigcartel.com,Construction Worker
651,Scole,Desirée,762-448-0227,zscolehr@apache.org,Architect
652,Goosey,Aurélie,,lgooseyhs@epa.gov,Engineer
653,Annand,Andréanne,271-188-4875,pannandht@multiply.com,Construction Worker
654,Gocke,Mélina,398-669-1626,fgockehu@noaa.gov,Construction Manager
655,Pettingill,Marie-josée,518-922-6579,epettingillhv@scribd.com,Project Manager
656,Birtonshaw,Angèle,206-424-2986,rbirtonshawhw@dailymail.co.uk,Estimator
657,Ackeroyd,Cécilia,,hackeroydhx@usgs.gov,Project Manager
658,Oblein,Anaé,,wobleinhy@oaic.gov.au,Surveyor
659,Olufsen,Åslög,498-501-8238,molufsenhz@yahoo.co.jp,Surveyor
660,Orbon,Méng,,jorboni0@merriam-webster.com,Engineer
661,Clinkard,Kuí,,bclinkardi1@oakley.com,Construction Worker
662,Denson,Célia,,pdensoni2@wiley.com,Estimator
663,Trowl,Danièle,281-283-2706,btrowli3@de.vu,Construction Manager
664,Michal,Lài,343-225-6366,smichali4@networksolutions.com,Electrician
665,Gohier,Angélique,145-262-8730,mgohieri5@state.gov,Construction Worker
666,Goathrop,Eliès,483-588-3984,hgoathropi6@deliciousdays.com,Engineer
667,Tournay,Pénélope,126-778-3690,btournayi7@taobao.com,Construction Worker
668,Schmidt,Réjane,,lschmidti8@youtu.be,Estimator
669,MacCurlye,Vénus,,bmaccurlyei9@chronoengine.com,Surveyor
670,Samuel,Ophélie,710-777-0293,ssamuelia@ft.com,Supervisor
671,Sneddon,Léonie,952-176-4080,tsneddonib@telegraph.co.uk,Surveyor
672,Alliot,Solène,774-694-3491,aalliotic@dyndns.org,Subcontractor
673,Martensen,Agnès,195-993-4666,gmartensenid@jalbum.net,Construction Expeditor
674,Beebe,Maïlis,497-880-7068,abeebeie@bing.com,Construction Foreman
675,Arp,Danièle,177-555-2812,marpif@jimdo.com,Subcontractor
676,Dionisi,Lài,108-742-6432,gdionisiig@virginia.edu,Project Manager
677,Nigh,Célia,437-539-0965,enighih@disqus.com,Construction Foreman
678,Cellone,Göran,,dcelloneii@marriott.com,Architect
679,Vittori,Daphnée,,mvittoriij@census.gov,Architect
680,O'Cridigan,Edmée,473-304-4994,jocridiganik@opensource.org,Project Manager
681,Wholesworth,Geneviève,680-785-2120,lwholesworthil@ning.com,Project Manager
682,Oldacre,Françoise,601-310-5818,toldacreim@blogger.com,Supervisor
683,Devigne,Geneviève,858-217-4415,ddevignein@infoseek.co.jp,Engineer
684,Norley,Kù,502-550-7429,rnorleyio@rakuten.co.jp,Electrician
685,Lux,Kallisté,264-140-4763,aluxip@berkeley.edu,Subcontractor
686,Walewski,Joséphine,503-111-6403,jwalewskiiq@addtoany.com,Architect
687,Pidgley,Athéna,959-443-2456,apidgleyir@umn.edu,Estimator
688,Riley,Bénédicte,,orileyis@scribd.com,Architect
689,Buckler,Sélène,172-703-1862,dbucklerit@mit.edu,Construction Expeditor
690,Lyons,Rachèle,,clyonsiu@youku.com,Engineer
691,Rendell,Dà,808-561-3952,frendelliv@latimes.com,Architect
692,Yeomans,Bérangère,808-384-5492,myeomansiw@vk.com,Construction Manager
693,de Broke,Bénédicte,724-405-3906,cdebrokeix@geocities.jp,Project Manager
694,di Rocca,Nuó,615-623-7506,ldiroccaiy@google.cn,Construction Expeditor
695,Amoore,Renée,636-215-6988,eamooreiz@tinypic.com,Construction Worker
696,McColl,Loïca,551-566-8738,wmccollj0@europa.eu,Architect
697,McVicker,Marie-ève,310-474-9372,emcvickerj1@intel.com,Construction Foreman
698,Wrack,Zoé,564-481-9145,awrackj2@ustream.tv,Surveyor
699,Mccaull,Eliès,979-579-2793,mmccaullj3@theglobeandmail.com,Surveyor
700,Maffioletti,Zoé,755-317-8446,cmaffiolettij4@last.fm,Estimator
701,Rothery,Maïté,758-752-0225,brotheryj5@facebook.com,Surveyor
702,Davydychev,Zoé,215-259-9927,cdavydychevj6@examiner.com,Subcontractor
703,Dinneen,Geneviève,859-806-8243,cdinneenj7@slashdot.org,Project Manager
704,Brundall,Cécile,956-834-5004,cbrundallj8@constantcontact.com,Supervisor
705,Courtman,Aí,639-108-7833,ccourtmanj9@about.com,Construction Foreman
706,Lindback,Anaël,843-475-5836,alindbackja@weather.com,Construction Worker
707,Pletts,Ráo,954-992-1249,cplettsjb@altervista.org,Surveyor
708,Le Port,Yè,571-232-5629,jleportjc@state.gov,Surveyor
709,McGlynn,Gaétane,448-614-8816,smcglynnjd@posterous.com,Surveyor
710,Coppock.,Mélanie,363-440-6497,tcoppockje@photobucket.com,Engineer
711,Studdeard,Kévina,,estuddeardjf@salon.com,Project Manager
712,Stonebanks,Intéressant,,astonebanksjg@tripod.com,Construction Expeditor
713,Keyhoe,Eléonore,138-478-0374,rkeyhoejh@ameblo.jp,Estimator
714,Cornwell,Mahélie,299-260-6756,lcornwellji@webs.com,Construction Manager
715,Remmer,Aí,,aremmerjj@mac.com,Construction Expeditor
716,Irwin,Åslög,756-405-9432,cirwinjk@imgur.com,Surveyor
717,Piff,Gaïa,801-853-0607,jpiffjl@yandex.ru,Surveyor
718,Casper,Naéva,,lcasperjm@guardian.co.uk,Project Manager
719,Risely,Thérèse,,friselyjn@home.pl,Supervisor
720,Crosston,Annotés,225-487-8920,ecrosstonjo@loc.gov,Subcontractor
721,Menzies,Almérinda,330-132-0975,amenziesjp@mail.ru,Surveyor
722,Badby,Réjane,179-684-1708,tbadbyjq@imdb.com,Estimator
723,Normanvill,Camélia,,hnormanvilljr@discovery.com,Construction Manager
724,Mcasparan,Tán,544-829-5126,tmcasparanjs@xinhuanet.com,Subcontractor
725,Strudwick,Eliès,,tstrudwickjt@telegraph.co.uk,Surveyor
726,Croysdale,Sélène,587-840-8363,ncroysdaleju@netvibes.com,Supervisor
727,Antonowicz,Félicie,,fantonowiczjv@hexun.com,Project Manager
728,Wadsworth,André,,zwadsworthjw@aboutads.info,Surveyor
729,Reinbech,Méline,,creinbechjx@shareasale.com,Estimator
730,Hanalan,Maëline,812-939-8086,shanalanjy@i2i.jp,Estimator
731,Blencoe,Maïlys,420-495-7403,cblencoejz@ibm.com,Construction Expeditor
732,Aveline,Pål,,wavelinek0@dot.gov,Surveyor
733,Burrus,Bérénice,,cburrusk1@zimbio.com,Estimator
734,Lorryman,Anaé,,dlorrymank2@ftc.gov,Construction Worker
735,Habbin,Maëline,360-404-9723,whabbink3@sogou.com,Surveyor
736,Meiklejohn,Yáo,273-558-9044,cmeiklejohnk4@over-blog.com,Electrician
737,Barrim,Aimée,511-378-8524,sbarrimk5@nationalgeographic.com,Surveyor
738,Connaughton,Nadège,768-418-8025,jconnaughtonk6@skyrock.com,Engineer
739,Peeke,Maïté,348-921-4466,kpeekek7@cmu.edu,Surveyor
740,Ibbitt,Lyséa,384-363-5062,aibbittk8@angelfire.com,Surveyor
741,Chung,Dù,,dchungk9@telegraph.co.uk,Subcontractor
742,Blois,Maëly,,dbloiska@bloglines.com,Engineer
743,Tomley,Lucrèce,,ltomleykb@e-recht24.de,Estimator
744,Mowling,Loïs,178-243-5590,jmowlingkc@google.cn,Construction Manager
745,Rudkin,Géraldine,,arudkinkd@seesaa.net,Construction Expeditor
746,Engledow,Maëlys,,dengledowke@furl.net,Surveyor
747,Vlasyev,Eléonore,,ovlasyevkf@forbes.com,Estimator
748,Jerromes,Gaëlle,802-768-5473,fjerromeskg@nhs.uk,Construction Foreman
831,Rodliff,Maïlys,165-739-6295,brodliffmr@amazon.co.jp,Supervisor
749,Mauger,Bérénice,909-851-0582,kmaugerkh@paginegialle.it,Construction Expeditor
750,Mungham,Séverine,915-789-0761,nmunghamki@cdc.gov,Surveyor
751,Iacobo,Lèi,,diacobokj@cbsnews.com,Subcontractor
752,Mattingley,Göran,610-683-1120,dmattingleykk@about.me,Surveyor
753,Michie,Crééz,,amichiekl@vistaprint.com,Engineer
754,Elwin,Uò,673-216-5842,gelwinkm@clickbank.net,Electrician
755,Strauss,Séréna,368-136-8615,fstrausskn@state.tx.us,Engineer
756,Gilligan,Eléa,816-563-3807,bgilliganko@java.com,Subcontractor
757,Wickins,Angèle,,twickinskp@cnbc.com,Supervisor
758,Tribe,Marylène,601-884-1438,ltribekq@digg.com,Engineer
759,Lascelles,Åsa,689-356-9898,jlascelleskr@home.pl,Engineer
760,Caught,Lén,,scaughtks@unblog.fr,Project Manager
761,Kirkham,Almérinda,968-240-4635,mkirkhamkt@ask.com,Subcontractor
762,Marler,Océanne,892-115-2408,tmarlerku@loc.gov,Architect
763,Clacson,Maïlis,,kclacsonkv@sfgate.com,Construction Worker
764,Orrah,Crééz,681-112-3969,jorrahkw@angelfire.com,Architect
765,McArthur,Eugénie,366-526-3591,kmcarthurkx@clickbank.net,Subcontractor
766,Kitman,Maïlis,662-907-7000,ckitmanky@cargocollective.com,Construction Expeditor
767,Cargenven,Mégane,,acargenvenkz@amazon.de,Project Manager
768,Tomasz,Estève,967-932-6613,gtomaszl0@yahoo.co.jp,Construction Foreman
769,Surman-Wells,Laïla,914-806-0920,wsurmanwellsl1@blinklist.com,Surveyor
770,Ayling,Régine,966-873-4205,faylingl2@meetup.com,Construction Expeditor
771,Wellman,Kévina,,kwellmanl3@discuz.net,Estimator
772,Scoggan,Cécile,869-469-2014,lscogganl4@bloomberg.com,Surveyor
773,Brason,Pélagie,322-592-0258,mbrasonl5@who.int,Surveyor
774,Rosenshine,Réjane,,brosenshinel6@addtoany.com,Supervisor
775,Darlison,Gaëlle,525-486-9054,zdarlisonl7@techcrunch.com,Construction Manager
776,Frowde,Lén,434-329-1066,ffrowdel8@bigcartel.com,Estimator
777,Servant,Dafnée,,aservantl9@google.nl,Project Manager
778,Crix,Méthode,397-971-7958,dcrixla@mac.com,Estimator
779,Hawkswood,Mélodie,978-726-2887,ahawkswoodlb@hatena.ne.jp,Electrician
780,Allcock,Sélène,773-309-9292,aallcocklc@mtv.com,Construction Foreman
781,Burchess,Miléna,,nburchessld@yale.edu,Construction Manager
782,MacGillespie,Maïté,,fmacgillespiele@1688.com,Surveyor
783,Wilkenson,Dafnée,831-369-3880,rwilkensonlf@umn.edu,Surveyor
784,Spadollini,Nadège,621-474-2212,cspadollinilg@hexun.com,Architect
785,Rubinsaft,Rachèle,249-745-6410,hrubinsaftlh@reverbnation.com,Surveyor
786,Doncaster,Gaëlle,400-765-7021,wdoncasterli@nymag.com,Subcontractor
787,Charlesworth,Salomé,284-917-1223,echarlesworthlj@wired.com,Supervisor
788,McEntegart,Géraldine,277-116-0468,cmcentegartlk@eventbrite.com,Construction Worker
789,Barnardo,Léa,326-332-3294,rbarnardoll@g.co,Supervisor
790,Canet,Gösta,216-646-4737,bcanetlm@posterous.com,Architect
791,Marchent,Séverine,904-476-0427,imarchentln@hc360.com,Electrician
792,Peacocke,Mélinda,,mpeacockelo@techcrunch.com,Construction Manager
793,Mulqueen,Alizée,159-388-8447,bmulqueenlp@wisc.edu,Electrician
794,Hernik,Maïlys,201-200-1389,lherniklq@gov.uk,Architect
795,Crippell,Agnès,631-712-1464,lcrippelllr@rediff.com,Engineer
796,de Almeida,Styrbjörn,773-754-3770,adealmeidals@jugem.jp,Estimator
797,Stow,Mà,405-456-0867,tstowlt@nifty.com,Engineer
798,Ruddick,Mélys,314-501-1819,rruddicklu@wordpress.com,Architect
799,Gowman,Bécassine,191-752-6039,fgowmanlv@mlb.com,Construction Worker
800,Eardley,Pò,,seardleylw@quantcast.com,Architect
801,Gauvain,Marie-noël,764-787-3268,agauvainlx@patch.com,Subcontractor
802,Wiszniewski,Lyséa,418-108-7583,twiszniewskily@google.co.jp,Engineer
803,Braden,Styrbjörn,,nbradenlz@webeden.co.uk,Construction Expeditor
804,Hawtin,Estée,856-906-2682,hhawtinm0@nature.com,Construction Manager
805,Pedel,Joséphine,897-923-0752,lpedelm1@engadget.com,Construction Manager
806,Skippings,Faîtes,772-696-6742,iskippingsm2@bbb.org,Construction Worker
807,Lefley,Maëlle,548-224-2646,rlefleym3@eepurl.com,Construction Expeditor
808,Joynes,Gérald,,mjoynesm4@shareasale.com,Construction Expeditor
809,Manzell,Eloïse,104-461-1059,rmanzellm5@walmart.com,Electrician
810,Belliveau,Håkan,,rbelliveaum6@deviantart.com,Estimator
811,Brace,Marlène,,mbracem7@drupal.org,Construction Foreman
812,Skottle,Marie-hélène,398-397-7453,tskottlem8@phoca.cz,Construction Manager
813,Waumsley,Crééz,,kwaumsleym9@theatlantic.com,Construction Worker
814,Hardware,Laïla,534-366-2211,rhardwarema@cloudflare.com,Surveyor
815,Clapton,Edmée,204-729-2143,vclaptonmb@tumblr.com,Electrician
816,Branwhite,Adélaïde,818-592-8228,abranwhitemc@csmonitor.com,Construction Expeditor
817,Bazek,Bérengère,758-428-5365,fbazekmd@arstechnica.com,Architect
818,Kierans,Renée,199-698-4531,akieransme@hud.gov,Construction Expeditor
819,Hendrich,Garçon,168-891-1048,ahendrichmf@mashable.com,Construction Manager
820,Ferrettini,Åslög,,aferrettinimg@dot.gov,Project Manager
821,Overell,Loïca,718-217-8251,coverellmh@discovery.com,Subcontractor
822,Dawley,Maëlann,,mdawleymi@last.fm,Supervisor
823,Ternault,Léonore,329-726-2215,vternaultmj@icq.com,Project Manager
824,Stelfox,Chloé,,nstelfoxmk@privacy.gov.au,Surveyor
825,Ruddock,Océane,770-815-3577,hruddockml@dell.com,Construction Expeditor
826,McCobb,Angèle,214-943-0851,dmccobbmm@qq.com,Construction Foreman
827,Beeck,Cloé,977-863-6583,sbeeckmn@prlog.org,Supervisor
828,Cullingford,Mélys,867-422-7967,lcullingfordmo@patch.com,Construction Manager
829,Wallage,Thérèse,,lwallagemp@google.co.jp,Architect
830,Skamal,Erwéi,106-969-4839,hskamalmq@paginegialle.it,Construction Expeditor
832,Panketh,Bérangère,,bpankethms@blogspot.com,Construction Worker
833,Van der Mark,Mégane,172-971-5885,fvandermarkmt@ask.com,Subcontractor
834,Libermore,Lóng,603-744-4968,slibermoremu@ycombinator.com,Construction Manager
835,McClarence,Maëlann,886-411-3282,emcclarencemv@dell.com,Engineer
836,Brunskill,Daphnée,274-470-0577,lbrunskillmw@fotki.com,Electrician
837,Mowsdill,Maéna,,omowsdillmx@sohu.com,Engineer
838,Woodthorpe,Ruì,660-860-5630,rwoodthorpemy@zdnet.com,Project Manager
839,Cano,Anaëlle,622-354-1189,scanomz@census.gov,Construction Expeditor
840,Crewe,Josée,,mcrewen0@bravesites.com,Project Manager
841,Holdin,Dà,548-855-6374,choldinn1@seattletimes.com,Subcontractor
842,Frantz,Mélia,472-746-8632,bfrantzn2@hubpages.com,Project Manager
843,Buxton,Stévina,536-613-3402,sbuxtonn3@usnews.com,Construction Foreman
844,Loutheane,Léonie,738-560-0123,rloutheanen4@who.int,Supervisor
845,Giorgioni,Kévina,,rgiorgionin5@myspace.com,Construction Expeditor
846,Theze,Réservés,,ethezen6@weibo.com,Supervisor
847,Kliemchen,Kallisté,,fkliemchenn7@vinaora.com,Construction Expeditor
848,De Mitris,Maïté,,ddemitrisn8@cornell.edu,Construction Expeditor
849,Pyson,Märta,623-253-4736,tpysonn9@imgur.com,Engineer
850,Iacobini,Léana,,siacobinina@usgs.gov,Subcontractor
851,Shillom,Maëly,,mshillomnb@seesaa.net,Construction Foreman
852,Cockayne,Cécile,919-491-1426,xcockaynenc@php.net,Construction Expeditor
853,Gilhoolie,Torbjörn,290-770-3539,wgilhooliend@macromedia.com,Estimator
854,Knighton,Bérénice,547-141-9300,kknightonne@sfgate.com,Supervisor
855,Essberger,Maëlann,180-979-8398,tessbergernf@gravatar.com,Estimator
856,Ellens,Léone,893-643-0861,aellensng@mac.com,Engineer
857,Toller,Håkan,560-651-6259,ytollernh@webs.com,Construction Manager
858,Bitterton,Desirée,501-665-9246,gbittertonni@toplist.cz,Electrician
859,Whitter,Táng,318-822-3153,kwhitternj@deviantart.com,Construction Expeditor
860,Iacovazzi,Bécassine,,tiacovazzink@purevolume.com,Architect
861,McVity,Illustrée,351-663-5936,zmcvitynl@jalbum.net,Construction Foreman
862,Norcliffe,Marie-françoise,694-603-2257,lnorcliffenm@qq.com,Supervisor
863,Durant,Wá,282-539-6978,cdurantnn@google.co.uk,Engineer
864,Ourry,Valérie,,gourryno@mozilla.org,Supervisor
865,Beddon,Pò,497-962-2515,dbeddonnp@lycos.com,Architect
866,Vallis,Desirée,915-497-7627,dvallisnq@businessweek.com,Estimator
867,Peller,Cunégonde,120-133-5896,kpellernr@google.it,Surveyor
868,Dimitrijevic,Cléopatre,897-132-7656,cdimitrijevicns@bravesites.com,Project Manager
869,Grolmann,Edmée,,tgrolmannnt@dyndns.org,Construction Expeditor
870,Ruddlesden,Léane,416-212-6342,pruddlesdennu@ovh.net,Supervisor
871,Feldmus,Faîtes,552-440-2989,bfeldmusnv@trellian.com,Project Manager
872,Bompass,Yáo,,tbompassnw@jimdo.com,Estimator
873,Guiton,Lorène,448-416-1179,bguitonnx@princeton.edu,Architect
874,Duffet,Maëlyss,988-319-4034,yduffetny@virginia.edu,Surveyor
875,Junifer,Maï,710-177-3931,pjunifernz@macromedia.com,Construction Foreman
876,Simonetto,Hélène,296-597-9905,asimonettoo0@comcast.net,Construction Manager
877,Dutson,Mélanie,,mdutsono1@pen.io,Supervisor
878,Maxworthy,Almérinda,488-389-5715,jmaxworthyo2@marketwatch.com,Electrician
879,Campling,Mélina,,tcamplingo3@rambler.ru,Construction Manager
880,Pregal,Garçon,,gpregalo4@ycombinator.com,Engineer
881,Pothergill,Gwenaëlle,397-266-7081,dpothergillo5@indiatimes.com,Construction Expeditor
882,Coppens,Dù,101-383-5170,kcoppenso6@etsy.com,Construction Manager
883,Ondrus,Salomé,314-627-6895,aondruso7@census.gov,Project Manager
884,Bannell,Réjane,,dbannello8@domainmarket.com,Project Manager
885,Giacomuzzi,Maïlys,191-298-9644,fgiacomuzzio9@blinklist.com,Project Manager
886,Cotterrill,Ruò,908-438-5577,hcotterrilloa@bloomberg.com,Subcontractor
887,Liddyard,Célia,799-697-5058,bliddyardob@dagondesign.com,Engineer
888,Fincke,Lorène,591-812-3038,gfinckeoc@imdb.com,Surveyor
889,Soot,Nuó,698-865-0827,hsootod@msn.com,Construction Worker
890,Andreia,Camélia,584-762-0502,sandreiaoe@msu.edu,Estimator
891,Symones,Hélèna,139-193-6295,isymonesof@wired.com,Supervisor
892,Oxx,Eloïse,336-736-4492,coxxog@miitbeian.gov.cn,Architect
893,Goldson,Yóu,404-207-0090,cgoldsonoh@spiegel.de,Project Manager
894,Mowsdill,Maëlys,,fmowsdilloi@networkadvertising.org,Construction Manager
895,Rudgley,Adélaïde,584-307-8390,mrudgleyoj@tiny.cc,Construction Manager
896,Castell,Chloé,515-305-7929,ccastellok@google.de,Electrician
897,Filipson,Dù,209-763-9715,dfilipsonol@clickbank.net,Subcontractor
898,Chinnery,Illustrée,,hchinneryom@amazon.de,Engineer
899,Comport,Léonore,520-449-6241,vcomporton@de.vu,Construction Foreman
900,Wiburn,Mélodie,426-476-4848,awiburnoo@omniture.com,Construction Expeditor
901,Duffitt,Rachèle,344-662-9897,mduffittop@uol.com.br,Estimator
902,Madine,Bérengère,235-589-5370,amadineoq@statcounter.com,Construction Expeditor
903,Foucard,Aimée,814-272-5701,mfoucardor@webmd.com,Estimator
904,Abethell,Pénélope,,zabethellos@cafepress.com,Project Manager
905,Wingar,Amélie,,dwingarot@nbcnews.com,Construction Manager
906,Searight,Tán,268-688-9684,tsearightou@wikia.com,Construction Worker
907,Laurent,Laurélie,950-524-6231,alaurentov@dyndns.org,Engineer
908,Northridge,Bérengère,247-123-7559,fnorthridgeow@fastcompany.com,Architect
909,Awton,Lorène,,dawtonox@bbb.org,Subcontractor
910,Tolan,Ophélie,812-958-7490,ctolanoy@mozilla.org,Subcontractor
911,Creigan,Ruì,178-480-6878,lcreiganoz@abc.net.au,Construction Manager
912,Braffington,Néhémie,956-928-7718,jbraffingtonp0@wisc.edu,Subcontractor
913,Cartmael,Néhémie,,ncartmaelp1@apple.com,Construction Expeditor
914,Godsafe,Céline,270-598-1834,vgodsafep2@nytimes.com,Supervisor
915,Keerl,Ophélie,,akeerlp3@imageshack.us,Surveyor
916,Brussell,Eliès,910-147-2506,sbrussellp4@de.vu,Surveyor
917,Kobiera,Björn,,jkobierap5@is.gd,Construction Foreman
918,Cornil,Solène,265-117-3697,mcornilp6@unesco.org,Surveyor
919,Piegrome,Clémence,732-586-7635,spiegromep7@theatlantic.com,Supervisor
920,Barribal,Publicité,,bbarribalp8@sfgate.com,Electrician
921,Pappin,Maëlla,781-195-8584,spappinp9@google.com.au,Architect
922,Wardhaw,Renée,,nwardhawpa@jiathis.com,Subcontractor
923,Larkworthy,Estève,,flarkworthypb@yolasite.com,Construction Manager
924,Saxelby,Adélaïde,409-268-9735,msaxelbypc@vimeo.com,Construction Expeditor
925,Bracey,Göran,,fbraceypd@bluehost.com,Construction Manager
926,Capaldo,Véronique,601-151-8187,ccapaldope@ucla.edu,Estimator
927,Delahunty,Zoé,247-551-7423,mdelahuntypf@abc.net.au,Engineer
928,Shaw,Agnès,825-360-6771,eshawpg@ted.com,Construction Manager
929,Lennard,Örjan,838-601-7521,rlennardph@live.com,Construction Expeditor
930,Witham,Joséphine,522-912-2394,bwithampi@photobucket.com,Surveyor
931,Collingdon,Bérénice,760-615-5162,acollingdonpj@google.it,Construction Manager
932,Ovett,Clémentine,991-286-2869,govettpk@slideshare.net,Construction Worker
933,Hackin,Maëly,321-877-3641,ahackinpl@phpbb.com,Construction Foreman
934,Varney,Östen,535-780-4211,bvarneypm@sphinn.com,Construction Worker
935,Kopisch,Clémence,,skopischpn@yale.edu,Surveyor
936,Grzegorek,Wá,851-908-6218,fgrzegorekpo@toplist.cz,Construction Worker
937,Joslyn,Lauréna,460-127-1391,kjoslynpp@fda.gov,Construction Manager
938,Pottery,Åsa,788-282-9634,dpotterypq@intel.com,Project Manager
939,Fleet,Nadège,472-367-1976,afleetpr@gnu.org,Architect
940,Whitwam,Michèle,,hwhitwamps@cnet.com,Surveyor
941,Tipler,Maëlla,,ltiplerpt@intel.com,Construction Worker
942,MacSwayde,Vérane,757-609-0261,bmacswaydepu@virginia.edu,Supervisor
943,Tyrrell,Géraldine,850-145-8456,ktyrrellpv@arstechnica.com,Estimator
944,Errowe,Lauréna,812-384-7726,derrowepw@nhs.uk,Engineer
945,Bellin,Lyséa,403-747-7062,obellinpx@xing.com,Engineer
946,Nazer,Åke,,jnazerpy@dyndns.org,Construction Expeditor
947,Merman,Lài,,rmermanpz@forbes.com,Engineer
948,Cuttin,Dafnée,,acuttinq0@microsoft.com,Supervisor
949,Pyle,Hélèna,357-605-2015,mpyleq1@plala.or.jp,Engineer
950,Postlethwaite,Eliès,999-898-3995,cpostlethwaiteq2@uiuc.edu,Construction Manager
951,Feore,Renée,,afeoreq3@barnesandnoble.com,Electrician
952,Rattray,Östen,,krattrayq4@ning.com,Engineer
953,Kosiada,Chloé,307-172-2759,skosiadaq5@godaddy.com,Estimator
954,Schettini,Faîtes,969-801-3649,rschettiniq6@com.com,Construction Worker
955,Gregson,Örjan,253-290-2714,cgregsonq7@yelp.com,Engineer
956,Thatcham,Tú,394-779-3246,cthatchamq8@biglobe.ne.jp,Engineer
957,Vinick,Cécilia,,lvinickq9@hugedomains.com,Construction Foreman
958,Serjeant,Estève,152-547-6223,aserjeantqa@php.net,Subcontractor
959,Dibbert,Faîtes,528-336-3638,ddibbertqb@oracle.com,Surveyor
960,Dunphie,Loïca,231-402-8005,sdunphieqc@yahoo.com,Surveyor
961,Gaynes,Nélie,571-738-1497,cgaynesqd@unicef.org,Construction Worker
962,Linne,Loïs,,blinneqe@weibo.com,Construction Manager
963,Wooler,Laurélie,,cwoolerqf@bandcamp.com,Architect
964,Hammel,Léa,740-190-6084,mhammelqg@home.pl,Electrician
965,Sewards,Lucrèce,,bsewardsqh@unesco.org,Construction Expeditor
966,Maggi,Hélène,403-932-6145,bmaggiqi@usgs.gov,Electrician
967,Gissing,Mén,923-959-1237,lgissingqj@quantcast.com,Construction Worker
968,Grizard,Mélys,786-511-6808,kgrizardqk@moonfruit.com,Engineer
969,Windous,Åslög,,cwindousql@disqus.com,Subcontractor
970,Jeskin,Maéna,,kjeskinqm@youku.com,Subcontractor
971,Bispo,Aí,221-952-6705,abispoqn@hao123.com,Estimator
972,Scolts,Véronique,532-822-6999,cscoltsqo@usda.gov,Electrician
973,Maw,Hélène,,amawqp@seesaa.net,Electrician
974,Arnaudot,Annotée,543-394-1653,darnaudotqq@simplemachines.org,Architect
975,Fassbender,Bécassine,350-901-7987,pfassbenderqr@dailymail.co.uk,Construction Worker
976,Wenderoth,Cunégonde,510-671-9682,kwenderothqs@scribd.com,Surveyor
977,Ivashechkin,Marie-françoise,,aivashechkinqt@liveinternet.ru,Engineer
978,Horder,Nadège,442-524-8049,mhorderqu@163.com,Supervisor
979,Libero,Uò,983-204-3055,lliberoqv@cisco.com,Estimator
980,Selvester,Hélène,206-781-0771,vselvesterqw@twitter.com,Architect
981,MacMechan,Agnès,690-907-3956,jmacmechanqx@bandcamp.com,Construction Manager
982,Stilgoe,Léana,189-307-6195,ostilgoeqy@twitpic.com,Project Manager
983,Emanulsson,Médiamass,,semanulssonqz@ameblo.jp,Project Manager
984,Whitwham,Léana,390-875-6954,jwhitwhamr0@elpais.com,Construction Expeditor
985,Attenbarrow,Liè,831-971-1856,hattenbarrowr1@boston.com,Construction Foreman
986,Bootherstone,Anaïs,,zbootherstoner2@quantcast.com,Construction Foreman
987,Sowden,Dù,,tsowdenr3@twitpic.com,Engineer
988,Propper,Célestine,,apropperr4@discuz.net,Surveyor
989,Braunle,Méng,,rbraunler5@mtv.com,Construction Expeditor
990,Mowne,Dà,423-461-4161,kmowner6@people.com.cn,Construction Worker
991,Murkus,Stévina,,cmurkusr7@deliciousdays.com,Engineer
992,Luard,Maï,,gluardr8@naver.com,Supervisor
993,Janu,Gösta,,ajanur9@linkedin.com,Supervisor
994,Bernardet,Célia,368-623-3082,kbernardetra@163.com,Engineer
995,Elcocks,Véronique,920-354-7395,celcocksrb@printfriendly.com,Construction Expeditor
996,Nisbith,Néhémie,876-142-7320,cnisbithrc@infoseek.co.jp,Subcontractor
997,Chessil,Marie-thérèse,597-823-6350,tchessilrd@ifeng.com,Architect
998,Panketh,Mén,265-956-1642,apankethre@dell.com,Electrician
999,Durran,Mélia,,rdurranrf@alexa.com,Construction Worker
1000,Vain,Clélia,201-329-7450,rvainrg@nifty.com,Construction Expeditor
1001,O'Giany,Aimée,649-114-8474,hogianyrh@ocn.ne.jp,Supervisor
1002,Jovey,Marie-thérèse,169-869-3739,sjoveyri@theguardian.com,Construction Foreman
1003,Dulany,Réjane,404-868-5774,vdulanyrj@hp.com,Construction Worker
1004,Balsom,Agnès,542-453-1555,lbalsomrk@usnews.com,Construction Worker
1005,Woakes,Lyséa,124-517-2124,pwoakesrl@jiathis.com,Electrician
1006,Wiggins,Yáo,635-643-9551,bwigginsrm@issuu.com,Surveyor
1007,Mourgue,Stévina,409-145-6145,amourguern@spotify.com,Construction Foreman
1008,Stanbra,Léane,620-449-5985,cstanbraro@hp.com,Electrician
1009,Treffry,Audréanne,474-974-1403,dtreffryrp@theatlantic.com,Construction Expeditor
1010,Thinn,Méng,224-970-0647,athinnrq@wordpress.com,Electrician
1011,Benge,Loïca,197-503-4195,bbengerr@buzzfeed.com,Estimator
